Option Name,Developer,Contact,Address,Wi-Fi,Year Built,Units,URL
King Edward 4601 Apartments,Sterling Land Company,844-291-8671,"4601 Bayard St, Pittsburgh, PA 15213",False,,102,https://www.apartments.com/king-edward-4601-apartments-pittsburgh-pa/m65jljh/
Oakland Apartments,Lobos Management,844-291-8672,"4629 Bayard St, Pittsburgh, PA 15213",False,1928,32,https://www.apartments.com/oakland-apartments-pittsburgh-pa/6e8q1dr/
Royal York,Sterling Land Company,412-253-6972,"3955 Bigelow Blvd, Pittsburgh, PA 15213",False,1937,154,https://www.apartments.com/royal-york-pittsburgh-pa/whft4ml/
Oak Hill Apartments,Corcoran Jennison Management,844-209-9199,"475 Garner Ct, Pittsburgh, PA 15213",False,1999,619,https://www.apartments.com/oak-hill-apartments-pittsburgh-pa/m4pz40l/
SouthSide Works City Apartments,"City Club Apartments, LLC",412-253-6497,"2626 S Tunnel Blvd, Pittsburgh, PA 15203",False,2015,264,https://www.apartments.com/southside-works-city-apartments-pittsburgh-pa/2s7e9tc/
Carson Street Commons,Faros Properties,412-847-5472,"2525-2539 E Carson St, Pittsburgh, PA 15203",False,2004,275,https://www.apartments.com/carson-street-commons-pittsburgh-pa/bypghtc/
The Brake House Lofts,Lobos Management,412-437-2361,"2501 Liberty Ave, Pittsburgh, PA 15222",False,,18,https://www.apartments.com/the-brake-house-lofts-pittsburgh-pa/mwz68gl/
Live South Side,McKinney Properties,412-533-2420,"26 S 28th St, Pittsburgh, PA 15203",False,,49,https://www.apartments.com/live-south-side-pittsburgh-pa/hf3z3z0/
Ollie at Baumhaus,Ollie Co,844-762-5514,"5522 Baum Blvd, Pittsburgh, PA 15232",True,2017,127,https://www.apartments.com/ollie-at-baumhaus-pittsburgh-pa/gxewllw/
The Cork Factory Lofts,"GMH Associates, Inc.",866-626-1231,"2349 Railroad St, Pittsburgh, PA 15222",True,2006,297,https://www.apartments.com/the-cork-factory-lofts-pittsburgh-pa/5tcr5qn/
City View,Faros Properties,412-532-1007,"1420 Centre Ave, Pittsburgh, PA 15219",True,1964,392,https://www.apartments.com/city-view-pittsburgh-pa/l1d4klg/
Edge 1909,"The NRP Group, LLC",844-779-8909,"1909 Waterfront Pl, Pittsburgh, PA 15222",False,2018,364,https://www.apartments.com/edge-1909-pittsburgh-pa/33nh2kd/
Arsenal 201,Milhaus,844-831-9422,"3922 Foster St, Pittsburgh, PA 15201",True,2017,243,https://www.apartments.com/arsenal-201-pittsburgh-pa/49f41lj/
The Pennsylvanian,Greystar,866-350-8444,"1100 Liberty Ave, Pittsburgh, PA 15222",False,1906,241,https://www.apartments.com/the-pennsylvanian-pittsburgh-pa/xtp479p/
Heinz Lofts,"Alterra Property Group, LLC (“Alterra”)",412-847-5081,"300 Heinz St, Pittsburgh, PA 15212",True,2005,268,https://www.apartments.com/heinz-lofts-pittsburgh-pa/m0k293k/
950 NORTHSHORE,Amore Management Company,844-709-6853,"950 Progress St, Pittsburgh, PA 15212",False,2017,152,https://www.apartments.com/950-northshore-pittsburgh-pa/h7865f1/
"Franklin West Apartments, Leasing Office",Franklin West,844-823-6344,"272 Shady Ave, Pittsburgh, PA 15206",True,,427,https://www.apartments.com/franklin-west-apartments-leasing-office-pittsburgh-pa/vs057fe/
The Residences at the Historic Alcoa Building,PMC Property Group,412-620-6372,"611 William Penn Pl, Pittsburgh, PA 15219",False,2015,241,https://www.apartments.com/the-residences-at-the-historic-alcoa-building-pittsburgh-pa/be0c4j8/
Kaufmann's Grand on Fifth Avenue,Core Realty,844-459-8552,"400 5th Ave, Pittsburgh, PA 15219",True,2019,311,https://www.apartments.com/kaufmanns-grand-on-fifth-avenue-pittsburgh-pa/db3d2xh/
The Clark Building,PMC Property Group,412-223-9839,"717 Liberty Ave, Pittsburgh, PA 15222",False,2014,228,https://www.apartments.com/the-clark-building-pittsburgh-pa/r2yslm2/
Glasshouse Pittsburgh,The Bozzuto Group,844-765-8036,"160 E Station Square Dr, Pittsburgh, PA 15219",False,2019,319,https://www.apartments.com/glasshouse-pittsburgh-pittsburgh-pa/mbet9fh/
Park View Apartments,Faros Properties,844-743-7158,"10 Allegheny Ctr, Pittsburgh, PA 15212",True,1970,809,https://www.apartments.com/park-view-apartments-pittsburgh-pa/8blhq53/
The Gateway at Summerset,Pennrose Management Company,844-228-9323,"1876 Parkview Blvd, Pittsburgh, PA 15217",False,2013,130,https://www.apartments.com/the-gateway-at-summerset-pittsburgh-pa/dhw10rh/
Walnut Towers at Frick Park,Walnut Capital,412-206-5629,"7070 Forward Ave, Pittsburgh, PA 15217",False,1970,97,https://www.apartments.com/walnut-towers-at-frick-park-pittsburgh-pa/vbe85ne/
Parklane Apartments,Village Green,844-617-0572,"5700 Bunkerhill St, Pittsburgh, PA 15206",False,1962,164,https://www.apartments.com/parklane-apartments-pittsburgh-pa/k8k522c/
Hyland Hills Apartments,Phillips & Associates Development Co.,844-829-9060,"275 Oakville Dr, Pittsburgh, PA 15220",True,1964,476,https://www.apartments.com/hyland-hills-apartments-pittsburgh-pa/qhg5jyw/
Crane Village Apartments,Dreyfuss Management,412-253-4242,"651 Oaklynn Ct, Pittsburgh, PA 15220",False,1968,415,https://www.apartments.com/crane-village-apartments-pittsburgh-pa/j5zf8h7/
Bryn Mawr,McKinney Properties,888-863-7811,"100 Bryn Mawr Ct, Pittsburgh, PA 15221",False,1970,193,https://www.apartments.com/bryn-mawr-pittsburgh-pa/4zpghnk/
The Bridge on Forbes,"Cardinal Group Management, LLC",412-626-5318,"3423 Forbes Ave, Pittsburgh, PA 15213",False,2018,197,https://www.apartments.com/the-bridge-on-forbes-pittsburgh-pa/hxjw172/
Schenley Apartments,PMC Property Group,412-307-7720,"4101 Bigelow Blvd, Pittsburgh, PA 15213",True,2017,180,https://www.apartments.com/schenley-apartments-pittsburgh-pa/h2wzm10/
One on Centre,Greystar,412-533-2310,"4500 Centre Ave, Pittsburgh, PA 15213",True,2018,329,https://www.apartments.com/one-on-centre-pittsburgh-pa/p2phsns/
Portal Place,Molnar & Associates,844-280-5364,"2633 Fifth Ave, Pittsburgh, PA 15213",True,2012,47,https://www.apartments.com/portal-place-pittsburgh-pa/knvj3wb/
The Flats at SouthSide Works,Soffer Organization,412-567-6659,"2603-2655 E Carson St, Pittsburgh, PA 15203",False,2004,83,https://www.apartments.com/the-flats-at-southside-works-pittsburgh-pa/099wh00/
Fifth Avenue School Lofts,Steiner Realty,844-202-0680,"1800 Fifth Ave, Pittsburgh, PA 15219",False,1894,65,https://www.apartments.com/fifth-avenue-school-lofts-pittsburgh-pa/0jb5cg0/
The Yards at 3 Crossings,Oxford Development Company,844-750-1008,"2645 Railroad St, Pittsburgh, PA 15222",True,2016,300,https://www.apartments.com/the-yards-at-3-crossings-pittsburgh-pa/qeqhmgz/
Lot 24 Apartments,"GMH Associates, Inc.",412-567-4141,"2404 Railroad St, Pittsburgh, PA 15222",True,2012,96,https://www.apartments.com/lot-24-apartments-pittsburgh-pa/gd6mkey/
The Foundry at 41st,Walnut Capital,412-437-2173,"4107 Willow St, Pittsburgh, PA 15201",True,2017,182,https://www.apartments.com/the-foundry-at-41st-pittsburgh-pa/3n08zge/
Eighth and Penn,Trek Development Group,412-748-1949,"711-713 Penn Ave, Pittsburgh, PA 15222",False,2019,136,https://www.apartments.com/eighth-and-penn-pittsburgh-pa/bmw0rqb/
Aria Cultural District Lofts,Aria Cultural District Lofts,844-723-3301,"121 7th St, Pittsburgh, PA 15222",True,2014,40,https://www.apartments.com/aria-cultural-district-lofts-pittsburgh-pa/lrkw6fe/
Century Building,Trek Development Group,844-586-2302,"130 7th St, Pittsburgh, PA 15222",False,2009,60,https://www.apartments.com/century-building-pittsburgh-pa/4kyz3ej/
The Encore on 7th Apartments,Lincoln Property Company,888-843-1690,"100 7th St, Pittsburgh, PA 15222",False,2006,155,https://www.apartments.com/the-encore-on-7th-apartments-pittsburgh-pa/emw3glm/
Market Square Place,Millcraft Investments,844-885-7665,"211 Forbes Ave, Pittsburgh, PA 15222",True,2009,46,https://www.apartments.com/market-square-place-pittsburgh-pa/kzem0mc/
Bakery Living Orange,Walnut Capital,844-814-2588,"6350 Penn Ave, Pittsburgh, PA 15206",False,2014,174,https://www.apartments.com/bakery-living-orange-pittsburgh-pa/3qd9wgf/
201 Stanwix Street Apartments,PMC Property Group,844-222-1998,"201 Stanwix St, Pittsburgh, PA 15222",False,2012,158,https://www.apartments.com/201-stanwix-street-apartments-pittsburgh-pa/jxvf755/
River Vue,Millcraft Investments,412-345-8286,"300 Liberty Ave, Pittsburgh, PA 15222",False,2012,218,https://www.apartments.com/river-vue-pittsburgh-pa/6ee0v3r/
City Vista,"Preferred Apartment Communities, Inc.",877-893-2069,"325 Elizabeth Dr, Pittsburgh, PA 15220",False,2014,272,https://www.apartments.com/city-vista-pittsburgh-pa/f57j5yv/
Webster Hall,Beacon Communities LLC,844-866-8124,"101 N Dithridge St, Pittsburgh, PA 15213",False,1924,172,https://www.apartments.com/webster-hall-pittsburgh-pa/bd2hm3b/
Fairfax Apartments,Beacon Communities LLC,844-361-5671,"4614 5th Ave, Pittsburgh, PA 15213",False,1929,233,https://www.apartments.com/fairfax-apartments-pittsburgh-pa/ydfmv1s/
North Windsor Apartments,Union Real Estate Company,844-239-0381,"234 Melwood Ave, Pittsburgh, PA 15213",False,,14,https://www.apartments.com/north-windsor-apartments-pittsburgh-pa/bpy9zy8/
Ambassador Apartments,Union Real Estate Company,844-480-0227,"4733 Centre Ave, Pittsburgh, PA 15213",False,,69,https://www.apartments.com/ambassador-apartments-pittsburgh-pa/ve0f53d/
Devon Towers,"NDC Real Estate, LLC",844-248-8214,"4920 CENTRE Ave, Pittsburgh, PA 15213",False,1956,36,https://www.apartments.com/devon-towers-pittsburgh-pa/r9y0cp1/
Amberson Gardens,Meyer's Management,844-783-3361,"1-4 Bayard Rd, Pittsburgh, PA 15213",False,1969,233,https://www.apartments.com/amberson-gardens-pittsburgh-pa/w2vgfbj/
Shadyside Commons,Reinhold Residential,412-208-4328,"401 Amberson Ave, Pittsburgh, PA 15232",False,1903,148,https://www.apartments.com/shadyside-commons-pittsburgh-pa/f0n2tvs/
Morrow Park City Apartments,Village Green,412-275-0806,"5250 Liberty Ave, Pittsburgh, PA 15224",False,2015,213,https://www.apartments.com/morrow-park-city-apartments-pittsburgh-pa/xpg1ngq/
Hot Metal Flats,Walnut Capital,412-419-1366,"2915 Sidney St, Pittsburgh, PA 15203",False,2015,117,https://www.apartments.com/hot-metal-flats-pittsburgh-pa/bgv9178/
The Brix at 26,Village Green,412-275-0805,"75 S 26th St, Pittsburgh, PA 15203",False,2013,87,https://www.apartments.com/the-brix-at-26-pittsburgh-pa/6zm86wt/
Arlington,Mozart Management,844-482-7905,"515 S Aiken Ave, Pittsburgh, PA 15232",False,1920,160,https://www.apartments.com/arlington-pittsburgh-pa/pr2nf1t/
The Royal Plaza Rockwel Realty Leasing,Rockwel Realty,844-219-2318,"5506 5th Ave, Pittsburgh, PA 15232",True,,40,https://www.apartments.com/the-royal-plaza-rockwel-realty-leasing-pittsburgh-pa/3s5lycg/
NORMANDY,Steiner Realty,844-893-0558,"5530 5th Ave, Pittsburgh, PA 15232",False,,22,https://www.apartments.com/normandy-pittsburgh-pa/0wmbfg3/
Crawford Square Apartments,McCormack Baron Salazar,412-567-5423,"510 Protectory Pl, Pittsburgh, PA 15219",False,1993,347,https://www.apartments.com/crawford-square-apartments-pittsburgh-pa/q5w7s4y/
Print Shop Lofts,"412Living, LLC",412-532-1006,"3010 Jane St, Pittsburgh, PA 15203",True,2012,39,https://www.apartments.com/print-shop-lofts-pittsburgh-pa/56bvlsp/
Coda on Centre,Oxford Development Company,844-845-4811,"5765 Centre Ave, Pittsburgh, PA 15206",False,2018,175,https://www.apartments.com/coda-on-centre-pittsburgh-pa/y9dvdqv/
Wendover,Mozart Management,412-357-4925,"5562 Hobart St, Pittsburgh, PA 15217",False,1928,118,https://www.apartments.com/wendover-pittsburgh-pa/l55ygwf/
Catalyst Lofts,"JRA Development Group, Inc.",844-814-6608,"141 41st St, Pittsburgh, PA 15201",True,2013,20,https://www.apartments.com/catalyst-lofts-pittsburgh-pa/0v7q7s3/
Davison Square,Amore Management Company,844-857-0233,"265 46th St, Pittsburgh, PA 15201",False,1986,96,https://www.apartments.com/davison-square-pittsburgh-pa/rqd9zm0/
Highland Plaza,Beacon Communities LLC,844-661-9858,"301 S Highland Ave, Pittsburgh, PA 15206",False,1987,46,https://www.apartments.com/highland-plaza-pittsburgh-pa/8nr7t31/
1460 Shady Ave,Steiner Realty,844-842-2418,"1460 Shady Ave, Pittsburgh, PA 15217",False,,,https://www.apartments.com/1460-shady-ave-pittsburgh-pa/eh09nxn/
The Rockwel - Rockwel Realty Leasing,Rockwel Realty,844-845-8849,"430 Shady Ave, Pittsburgh, PA 15206",False,,20,https://www.apartments.com/the-rockwel-rockwel-realty-leasing-pittsburgh-pa/8bj3yk3/
Walnut on Highland,Walnut Capital,412-308-5384,"121 S Highland Ave, Pittsburgh, PA 15206",False,2013,213,https://www.apartments.com/walnut-on-highland-pittsburgh-pa/nrrw3wp/
Morrowfield,Mozart Management,844-404-5887,"2715 Murray Ave, Pittsburgh, PA 15217",False,1920,156,https://www.apartments.com/morrowfield-pittsburgh-pa/34lt28g/
Morgan at North Shore,KFF Asset Management Group LLC,888-353-5443,"100 Anderson St, Pittsburgh, PA 15212",False,1997,232,https://www.apartments.com/morgan-at-north-shore-pittsburgh-pa/5bgqxtq/
1st Ave Lofts,Millcraft Investments,484-801-0113,"422-440 1st Ave, Pittsburgh, PA 15219",True,2017,35,https://www.apartments.com/1st-ave-lofts-pittsburgh-pa/jchhzf4/
Mountvue Apartments,Mountvue Corporation,844-681-2898,"5 Grandview Ave, Pittsburgh, PA 15211",False,,55,https://www.apartments.com/mountvue-apartments-pittsburgh-pa/8vgwqd2/
The Bradberry,Trek Development Group,724-918-4500,"1112 Reddour St, Pittsburgh, PA 15212",False,1905,16,https://www.apartments.com/the-bradberry-pittsburgh-pa/7bw4c9z/
Highland Park Club Apartments,Highland Park Club Apartments,412-436-5519,"1001 N Negley Ave, Pittsburgh, PA 15206",False,1948,217,https://www.apartments.com/highland-park-club-apartments-pittsburgh-pa/qpr93dw/
Grandview Pointe Apartments,McKinney Properties,877-340-0934,"1411 Grandview Ave, Pittsburgh, PA 15211",False,1965,92,https://www.apartments.com/grandview-pointe-apartments-pittsburgh-pa/5k0yx4p/
The Waterfront,Berkshire,412-368-9408,"611 E Waterfront Dr, Munhall, PA 15120",False,2003,235,https://www.apartments.com/the-waterfront-munhall-pa/8gvtzh1/
Whitney Hall Apartments,Reginella Corporation,412-368-6814,"418 Whitney Ave, Pittsburgh, PA 15221",False,2016,18,https://www.apartments.com/whitney-hall-apartments-pittsburgh-pa/z8tg6ww/
Pennwood Square,Amore Management Company,866-352-4666,"601-A Hay St, Pittsburgh, PA 15221",False,1977,90,https://www.apartments.com/pennwood-square-pittsburgh-pa/elx2tzq/
Churchview Gardens,Westgate Management Company,844-629-5759,"3783 Churchview Avenue Ext, Pittsburgh, PA 15236",False,1972,143,https://www.apartments.com/churchview-gardens-pittsburgh-pa/cwd27pd/
The Forest Apartments,"Brandywine Agency, Inc.",412-345-8290,"801 Smokey Wood Dr, Pittsburgh, PA 15218",False,1982,198,https://www.apartments.com/the-forest-apartments-pittsburgh-pa/vc35qxg/
River Oaks Community,West Real Estate,412-626-5791,"1 Oakhurst Cir, Pittsburgh, PA 15215",False,1968,111,https://www.apartments.com/river-oaks-community-pittsburgh-pa/wyqj97h/
Beacon Hill,Amore Management Company,844-841-9211,"7237 Beacon Hill Dr, Pittsburgh, PA 15221",False,1982,97,https://www.apartments.com/beacon-hill-pittsburgh-pa/ht1nbx3/
LUNA Lofts,"We Do Property Management, Inc",412-837-3393,"410-416 N Craig St, Pittsburgh, PA 15213",True,,14,https://www.apartments.com/luna-lofts-pittsburgh-pa/f3hl5hs/
Claybourne Apartments,McQuarters Realty Company,412-924-8013,"5435 Claybourne St, Pittsburgh, PA 15232",False,,54,https://www.apartments.com/claybourne-apartments-pittsburgh-pa/edpzvdn/
Essex House Apartments,McQuarters Realty Company,844-632-4615,"5701 Centre Ave, Pittsburgh, PA 15206",False,1960,168,https://www.apartments.com/essex-house-apartments-pittsburgh-pa/jlg7se5/
Velma Court,McQuarters Realty Company,844-203-8541,"772 Greenfield Ave, Pittsburgh, PA 15217",False,1960,46,https://www.apartments.com/velma-court-pittsburgh-pa/rmx1hj1/
Hobart/Wightman Apartments,Meyer's Management,844-570-0654,"2041-2043 Wightman St, Pittsburgh, PA 15217",False,,12,https://www.apartments.com/hobart-wightman-apartments-pittsburgh-pa/7fjrw7y/
Greenhill Apartments,McQuarters Realty Company,412-924-8024,"4221 Winterburn Ave, Pittsburgh, PA 15207",False,,55,https://www.apartments.com/greenhill-apartments-pittsburgh-pa/k7plz38/
930 Penn Ave,The Rubinoff Company,844-855-0753,"930 Penn Ave, Pittsburgh, PA 15222",False,2007,20,https://www.apartments.com/930-penn-ave-pittsburgh-pa/b91lvx8/
Negley Gardens Apartments,Colebrook Management Inc,844-417-9457,"400 N Negley Ave, Pittsburgh, PA 15206",False,,35,https://www.apartments.com/negley-gardens-apartments-pittsburgh-pa/w70z6rl/
May Building Apartments,"NDC Real Estate, LLC",844-898-8064,"529 Liberty Ave, Pittsburgh, PA 15222",False,1940,88,https://www.apartments.com/may-building-apartments-pittsburgh-pa/knhfyfc/
The Reserve at Summerset at Frick Park,McQuarters Realty Company,844-564-8456,"1435 Parkview Blvd, Pittsburgh, PA 15217",False,2003,40,https://www.apartments.com/the-reserve-at-summerset-at-frick-park-pittsburgh-pa/wm9hrck/
Frick Park Village,"Brandywine Agency, Inc.",844-304-1864,"208 Rebecca Ave, Pittsburgh, PA 15221",False,,70,https://www.apartments.com/frick-park-village-pittsburgh-pa/ldrlfyf/
Southcrest Heights,Colebrook Management Inc,844-213-4502,"631 Southcrest Dr, Pittsburgh, PA 15226",False,1940,111,https://www.apartments.com/southcrest-heights-pittsburgh-pa/rtlzex2/
Ambassador Apartments,Park Run Management,844-218-9867,"1601 Penn Ave, Pittsburgh, PA 15221",False,1967,171,https://www.apartments.com/ambassador-apartments-pittsburgh-pa/w9kbbch/
Brittany Apartments,McKinney Properties,800-821-6149,"1717 Penn Ave, Pittsburgh, PA 15221",False,1973,118,https://www.apartments.com/brittany-apartments-pittsburgh-pa/sng0556/
221 Atwood St Unit 2BR,,844-812-3473,"221 Atwood St, Pittsburgh, PA 15213",False,1973,118,https://www.apartments.com/221-atwood-st-pittsburgh-pa-unit-2br/4bt0gdk/
3401 Forbes Ave Unit 108,,724-264-5115,"3401 Forbes Ave, Pittsburgh, PA 15213",False,1973,118,https://www.apartments.com/3401-forbes-ave-pittsburgh-pa-unit-108/s8n6dz4/
144 N Dithridge St Unit 516,,724-801-3500,"144 N Dithridge St, Pittsburgh, PA 15213",False,1973,118,https://www.apartments.com/144-n-dithridge-st-pittsburgh-pa-unit-516/e39bhrq/
,,,,,,,
,,,,,,,
,,,,,,,
,,,,,,,
10 Cable Pl,,412-727-8501,"10 Cable Pl, Pittsburgh, PA 15213",True,,,https://www.apartments.com/10-cable-pl-pittsburgh-pa/00qgqv2/
10 Cable Pl,,412-557-7591,"10 Cable Pl, Pittsburgh, PA 15213",False,,,https://www.apartments.com/10-cable-pl-pittsburgh-pa/dkr2glh/
3604 Dawson St Unit 5,,724-243-2360,"3604 Dawson St, Pittsburgh, PA 15213",False,,,https://www.apartments.com/3604-dawson-st-pittsburgh-pa-unit-5/f58evkr/
3444 Ward St Unit 6,,412-218-2321,"3444 Ward St, Pittsburgh, PA 15213",False,,,https://www.apartments.com/3444-ward-st-pittsburgh-pa-unit-6/p828fkr/
3425 Ward St Unit 2,,412-626-5371,"3425 Ward St, Pittsburgh, PA 15213",False,,,https://www.apartments.com/3425-ward-st-pittsburgh-pa-unit-2/5dqewep/
3501 Boulevard of the Allies Unit 2,,844-860-0147,"3501 Boulevard of the Allies, Pittsburgh, PA 15213",False,,,https://www.apartments.com/3501-boulevard-of-the-allies-pittsburgh-pa-unit-2/w7tx85j/
3225 Joe Hammer Square Unit 2,,412-709-5595,"3225 Joe Hammer Square, Pittsburgh, PA 15213",False,,,https://www.apartments.com/3225-joe-hammer-square-pittsburgh-pa-unit-2/997md84/
264 Melwood Ave Unit 1R,,724-918-4255,"264 Melwood Ave, Pittsburgh, PA 15213",False,,,https://www.apartments.com/264-melwood-ave-pittsburgh-pa-unit-1r/19ly6l4/
340 N Craig St Unit 3,,724-242-7944,"340 N Craig St, Pittsburgh, PA 15213",False,,,https://www.apartments.com/340-n-craig-st-pittsburgh-pa-unit-3/g7vg3vy/
3266 Niagara Square Unit 3266,,412-392-7553,"3266 Niagara Square, Pittsburgh, PA 15213",False,,,https://www.apartments.com/3266-niagara-square-pittsburgh-pa-unit-3266/3lvsv0g/
3611 Boulevard of the Allies,,412-301-3508,"3611 Boulevard of the Allies, Pittsburgh, PA 15213",False,,,https://www.apartments.com/3611-boulevard-of-the-allies-pittsburgh-pa/mcpkl6l/
315 N Neville St Unit 2,,412-430-9498,"315 N Neville St, Pittsburgh, PA 15213",False,,,https://www.apartments.com/315-n-neville-st-pittsburgh-pa-unit-2/7rpkcdz/
344 Melwood Ave Unit 2,,412-219-6020,"344 Melwood Ave, Pittsburgh, PA 15213",False,,,https://www.apartments.com/344-melwood-ave-pittsburgh-pa-unit-2/0c2hzx2/
67 Bates St,,412-489-4683,"67 Bates St, Pittsburgh, PA 15213",False,,,https://www.apartments.com/67-bates-st-pittsburgh-pa/tq0sdr8/
3444 Frazier St,,215-234-7885,"3444 Frazier St, Pittsburgh, PA 15213",False,,,https://www.apartments.com/3444-frazier-st-pittsburgh-pa/lf7t05e/
35 Enfield St Unit 1,,412-536-7154,"35 Enfield St, Pittsburgh, PA 15213",False,,,https://www.apartments.com/35-enfield-st-pittsburgh-pa-unit-1/g88vekw/
35 Enfield St,,724-330-4210,"35 Enfield St, Pittsburgh, PA 15213",False,,,https://www.apartments.com/35-enfield-st-pittsburgh-pa/qvqk4fz/
6 Enfield St Unit 2,,412-329-6778,"6 Enfield St, Pittsburgh, PA 15213",False,,,https://www.apartments.com/6-enfield-st-pittsburgh-pa-unit-2/h1w3qf3/
6 Enfield St Unit 1,,412-200-7421,"6 Enfield St, Pittsburgh, PA 15213",False,,,https://www.apartments.com/6-enfield-st-pittsburgh-pa-unit-1/esn56rn/
704 Enfield St,,412-329-4856,"704 Enfield St, Pittsburgh, PA 15213",False,,,https://www.apartments.com/704-enfield-st-pittsburgh-pa/f4b0txt/
3526 Frazier St,,216-672-0298,"3526 Frazier St, Pittsburgh, PA 15213",False,,,https://www.apartments.com/3526-frazier-st-pittsburgh-pa/003w7h1/
,,,,,,,
,,,,,,,
,,,,,,,
,,,,,,,
,,,,,,,
730 Broughton St,,855-243-3264,"730 Broughton St, Pittsburgh, PA 15213",False,,,https://www.apartments.com/730-broughton-st-pittsburgh-pa/bl3vp1c/
3209 Parkview Ave,,412-506-3836,"3209 Parkview Ave, Pittsburgh, PA 15213",False,,,https://www.apartments.com/3209-parkview-ave-pittsburgh-pa/7b31snw/
334 Hancock St Unit 1A,,412-906-8566,"334 Hancock St, Pittsburgh, PA 15219",False,,,https://www.apartments.com/334-hancock-st-pittsburgh-pa-unit-1a/1px1qk6/
4734 Lorigan St Unit 2,,412-218-0581,"4734 Lorigan St, Pittsburgh, PA 15224",False,,,https://www.apartments.com/4734-lorigan-st-pittsburgh-pa-unit-2/kfzr4qc/
4713 Lorigan St,,412-275-0547,"4713 Lorigan St, Pittsburgh, PA 15224",False,,,https://www.apartments.com/4713-lorigan-st-pittsburgh-pa/dywnqlk/
4780 Cypress St Unit 2,,412-329-4157,"4780 Cypress St, Pittsburgh, PA 15224",False,,,https://www.apartments.com/4780-cypress-st-pittsburgh-pa-unit-2/nc44rlp/
4913 Cypress St,,412-626-5383,"4913 Cypress St, Pittsburgh, PA 15224",False,,,https://www.apartments.com/4913-cypress-st-pittsburgh-pa/9brxw16/
4773 Cypress St,,412-506-6759,"4773 Cypress St, Pittsburgh, PA 15224",False,,,https://www.apartments.com/4773-cypress-st-pittsburgh-pa/0fbtlr1/
2116 Bedford Ave Unit Rear,,412-307-8217,"2116 Bedford Ave, Pittsburgh, PA 15219",False,,,https://www.apartments.com/2116-bedford-ave-pittsburgh-pa-unit-rear/2gq7ez9/
515 Gross St Unit 2,,412-347-1435,"515 Gross St, Pittsburgh, PA 15224",False,,,https://www.apartments.com/515-gross-st-pittsburgh-pa-unit-2/npgpjlm/
425 Dargan St,,844-613-2042,"425 Dargan St, Pittsburgh, PA 15224",False,,,https://www.apartments.com/425-dargan-st-pittsburgh-pa/veyk2ff/
512 S Millvale Ave Unit 3,,412-228-0901,"512 S Millvale Ave, Pittsburgh, PA 15224",False,,,https://www.apartments.com/512-s-millvale-ave-pittsburgh-pa-unit-3/9z6r8q4/
343 Ella St,,412-218-1338,"343 Ella St, Pittsburgh, PA 15224",False,,,https://www.apartments.com/343-ella-st-pittsburgh-pa/y977bnr/
339 Ella St,,412-218-2097,"339 Ella St, Pittsburgh, PA 15224",False,,,https://www.apartments.com/339-ella-st-pittsburgh-pa/98zpfp7/
545 S Aiken Ave Unit NA,,844-898-7072,"545 S Aiken Ave, Pittsburgh, PA 15232",False,,,https://www.apartments.com/545-s-aiken-ave-pittsburgh-pa-unit-na/7x6jbyx/
2703 Penn Ave Unit B,,412-535-0667,"2703 Penn Ave, Pittsburgh, PA 15222",False,,,https://www.apartments.com/2703-penn-ave-pittsburgh-pa-unit-b/kjtb708/
2703 Penn Ave Unit A,,412-535-0361,"2703 Penn Ave, Pittsburgh, PA 15222",False,,,https://www.apartments.com/2703-penn-ave-pittsburgh-pa-unit-a/ps0n6kt/
434 S Pacific Ave Unit 2,,619-830-4039,"434 S Pacific Ave, Pittsburgh, PA 15224",False,,,https://www.apartments.com/434-s-pacific-ave-pittsburgh-pa-unit-2/hssq5b0/
328 S Mathilda St Unit 1,,,"328 S Mathilda St, Pittsburgh, PA 15224",False,,,https://www.apartments.com/328-s-mathilda-st-pittsburgh-pa-unit-1/1h5t5l4/
328 S Mathilda St Unit 6,,,"328 S Mathilda St, Pittsburgh, PA 15224",False,,,https://www.apartments.com/328-s-mathilda-st-pittsburgh-pa-unit-6/88k7qs3/
,,,,,,,
,,,,,,,
,,,,,,,
,,,,,,,
,,,,,,,
,,,,,,,
,,,,,,,
,,,,,,,
,,,,,,,
,,,,,,,
,,,,,,,
,,,,,,,
,,,,,,,
,,,,,,,
,,,,,,,
,,,,,,,
,,,,,,,
,,,,,,,
,,,,,,,
,,,,,,,
,,,,,,,
,,,,,,,
,,,,,,,
,,,,,,,
,,,,,,,
,,,,,,,
,,,,,,,
,,,,,,,
,,,,,,,
,,,,,,,
,,,,,,,
,,,,,,,
,,,,,,,
,,,,,,,
,,,,,,,
,,,,,,,
,,,,,,,
,,,,,,,
,,,,,,,
,,,,,,,
,,,,,,,
,,,,,,,
,,,,,,,
,,,,,,,
,,,,,,,
,,,,,,,
,,,,,,,
,,,,,,,
,,,,,,,
,,,,,,,
,,,,,,,
,,,,,,,
,,,,,,,
224 S Pacific Ave Unit 1R,,724-269-8956,"224 S Pacific Ave, Pittsburgh, PA 15224",False,,,https://www.apartments.com/224-s-pacific-ave-pittsburgh-pa-unit-1r/3hwje9g/
226 S Pacific Ave Unit 2F,,412-433-0365,"226 S Pacific Ave, Pittsburgh, PA 15224",True,,,https://www.apartments.com/226-s-pacific-ave-pittsburgh-pa-unit-2f/0bmtkf1/
3992 Beechwood Blvd,,412-392-9772,"3992 Beechwood Blvd, Pittsburgh, PA 15217",False,,,https://www.apartments.com/3992-beechwood-blvd-pittsburgh-pa/blscshc/
5743 Fifth Ave Unit 2,,412-420-6078,"5743 Fifth Ave, Pittsburgh, PA 15232",False,,,https://www.apartments.com/5743-fifth-ave-pittsburgh-pa-unit-2/jpywsw4/
652 Maryland Ave Unit 2R,,724-216-6627,"652 Maryland Ave, Pittsburgh, PA 15232",False,,,https://www.apartments.com/652-maryland-ave-pittsburgh-pa-unit-2r/mptzw3j/
912 Maryland Ave Unit 4B1,,724-734-5678,"912 Maryland Ave, Pittsburgh, PA 15232",False,,,https://www.apartments.com/912-maryland-ave-pittsburgh-pa-unit-4b1/8g7j2g1/
621 Maryland Ave Unit #4,,412-307-4952,"621 Maryland Ave, Pittsburgh, PA 15232",False,,,https://www.apartments.com/621-maryland-ave-pittsburgh-pa-unit-4/p1feykt/
621 Maryland Ave Unit 1,,412-356-3547,"621 Maryland Ave, Pittsburgh, PA 15232",False,,,https://www.apartments.com/621-maryland-ave-pittsburgh-pa-unit-1/nbjxwem/
621 Maryland Ave Unit 5,,724-472-4673,"621 Maryland Ave, Pittsburgh, PA 15232",False,,,https://www.apartments.com/621-maryland-ave-pittsburgh-pa-unit-5/bsmpqr9/
631 Maryland Ave Unit 8,,412-557-7418,"631 Maryland Ave, Pittsburgh, PA 15232",False,,,https://www.apartments.com/631-maryland-ave-pittsburgh-pa-unit-8/rymxs10/
631 Maryland Ave Unit 4,,412-489-0095,"631 Maryland Ave, Pittsburgh, PA 15232",False,,,https://www.apartments.com/631-maryland-ave-pittsburgh-pa-unit-4/xw7dg5p/
631 Maryland Ave Unit 7,,412-557-7290,"631 Maryland Ave, Pittsburgh, PA 15232",False,,,https://www.apartments.com/631-maryland-ave-pittsburgh-pa-unit-7/q05zg4w/
631 Maryland Ave Unit 6,,412-506-3558,"631 Maryland Ave, Pittsburgh, PA 15232",False,,,https://www.apartments.com/631-maryland-ave-pittsburgh-pa-unit-6/by1r039/
631 Maryland Ave Unit 1,,724-343-1101,"631 Maryland Ave, Pittsburgh, PA 15232",False,,,https://www.apartments.com/631-maryland-ave-pittsburgh-pa-unit-1/hpcd0v3/
5212 Coral St Unit 1,,412-368-2650,"5212 Coral St, Pittsburgh, PA 15224",False,,,https://www.apartments.com/5212-coral-st-pittsburgh-pa-unit-1/s1dx6p4/
5800 Ellsworth Ave Unit 2,,844-297-2780,"5800 Ellsworth Ave, Pittsburgh, PA 15232",False,,,https://www.apartments.com/5800-ellsworth-ave-pittsburgh-pa-unit-2/1g7tdj6/
5800 Ellsworth Ave Unit 3,,844-289-4999,"5800 Ellsworth Ave, Pittsburgh, PA 15232",False,,,https://www.apartments.com/5800-ellsworth-ave-pittsburgh-pa-unit-3/pxfqp9s/
5800 Ellsworth Ave Unit 12,,412-557-7345,"5800 Ellsworth Ave, Pittsburgh, PA 15232",False,,,https://www.apartments.com/5800-ellsworth-ave-pittsburgh-pa-unit-12/8lgm293/
2301 Mission St Unit 4,,855-343-1002,"2301 Mission St, Pittsburgh, PA 15203",False,,,https://www.apartments.com/2301-mission-st-pittsburgh-pa-unit-4/b18c818/
307 S Graham St Unit 1,,844-659-7676,"307 S Graham St, Pittsburgh, PA 15232",False,,,https://www.apartments.com/307-s-graham-st-pittsburgh-pa-unit-1/7yqcg3x/
1928 Harcum Way Unit 0,,412-218-1084,"1928 Harcum Way, Pittsburgh, PA 15203",False,,,https://www.apartments.com/1928-harcum-way-pittsburgh-pa-unit-0/exe1qrm/
5810 Holden St Unit 2,,412-690-0246,"5810 Holden St, Pittsburgh, PA 15232",False,,,https://www.apartments.com/5810-holden-st-pittsburgh-pa-unit-2/239c75b/
,,,,,,,
,,,,,,,
,,,,,,,
,,,,,,,
,,,,,,,
,,,,,,,
,,,,,,,
,,,,,,,
,,,,,,,
,,,,,,,
,,,,,,,
,,,,,,,
,,,,,,,
,,,,,,,
,,,,,,,
,,,,,,,
,,,,,,,
,,,,,,,
,,,,,,,
,,,,,,,
,,,,,,,
,,,,,,,
,,,,,,,
,,,,,,,
,,,,,,,
,,,,,,,
,,,,,,,
,,,,,,,
,,,,,,,
,,,,,,,
,,,,,,,
,,,,,,,
,,,,,,,
,,,,,,,
,,,,,,,
,,,,,,,
,,,,,,,
,,,,,,,
,,,,,,,
,,,,,,,
,,,,,,,
,,,,,,,
,,,,,,,
,,,,,,,
,,,,,,,
,,,,,,,
,,,,,,,
,,,,,,,
,,,,,,,
,,,,,,,
,,,,,,,
,,,,,,,
,,,,,,,
,,,,,,,
,,,,,,,
,,,,,,,
,,,,,,,
,,,,,,,
,,,,,,,
,,,,,,,
,,,,,,,
,,,,,,,
,,,,,,,
,,,,,,,
,,,,,,,
,,,,,,,
,,,,,,,
,,,,,,,
,,,,,,,
5824 Phillips Ave Unit 2,,412-436-5720,"5824 Phillips Ave, Pittsburgh, PA 15217",False,,,https://www.apartments.com/5824-phillips-ave-pittsburgh-pa-unit-2/8sgq3y2/
6301 Fifth Ave Unit 1b,,412-564-0555,"6301 Fifth Ave, Pittsburgh, PA 15206",False,,,https://www.apartments.com/6301-fifth-ave-pittsburgh-pa-unit-1b/949rg36/
5832 Phillips Ave Unit 3,,412-436-5703,"5832 Phillips Ave, Pittsburgh, PA 15217",False,,,https://www.apartments.com/5832-phillips-ave-pittsburgh-pa-unit-3/8q6lkd1/
4150 Murray Ave Unit 2ndfl,,412-709-5579,"4150 Murray Ave, Pittsburgh, PA 15217",False,,,https://www.apartments.com/4150-murray-ave-pittsburgh-pa-unit-2ndfl/p74fb0t/
305 N Negley Ave Unit 14,,412-218-1823,"305 N Negley Ave, Pittsburgh, PA 15206",False,,,https://www.apartments.com/305-n-negley-ave-pittsburgh-pa-unit-14/evw730m/
2332 Sherbrook St,,412-212-7192,"2332 Sherbrook St, Pittsburgh, PA 15217",False,,,https://www.apartments.com/2332-sherbrook-st-pittsburgh-pa/vqzj76f/
,,,,,,,
,,,,,,,
,,,,,,,
,,,,,,,
,,,,,,,
,,,,,,,
,,,,,,,
,,,,,,,
,,,,,,,
,,,,,,,
,,,,,,,
,,,,,,,
,,,,,,,
,,,,,,,
,,,,,,,
,,,,,,,
,,,,,,,
,,,,,,,
,,,,,,,
,,,,,,,
,,,,,,,
,,,,,,,
,,,,,,,
,,,,,,,
,,,,,,,
,,,,,,,
,,,,,,,
,,,,,,,
,,,,,,,
,,,,,,,
,,,,,,,
,,,,,,,
,,,,,,,
,,,,,,,
,,,,,,,
,,,,,,,
,,,,,,,
,,,,,,,
,,,,,,,
,,,,,,,
,,,,,,,
,,,,,,,
,,,,,,,
,,,,,,,
1035 Chislett St Unit 3,,412-499-3063,"1035 Chislett St, Pittsburgh, PA 15206",True,,,https://www.apartments.com/1035-chislett-st-pittsburgh-pa-unit-3/8rks620/
5407 Butler St,,,"5407 Butler St, Pittsburgh, PA 15201",False,,,https://www.apartments.com/5407-butler-st-pittsburgh-pa/m0rw5nl/
59 Harwood St Unit 2,,724-602-0721,"59 Harwood St, Pittsburgh, PA 15211",False,,,https://www.apartments.com/59-harwood-st-pittsburgh-pa-unit-2/j6kzkt5/
308 S Lang Ave,,412-368-6822,"308 S Lang Ave, Pittsburgh, PA 15208",False,,,https://www.apartments.com/308-s-lang-ave-pittsburgh-pa/jmkdfr7/
115 Maple Terrace Unit 1,,724-602-0430,"115 Maple Terrace, Pittsburgh, PA 15211",False,,,https://www.apartments.com/115-maple-terrace-pittsburgh-pa-unit-1/jze25t7/
1147 King Ave,,844-421-1921,"1147 King Ave, Pittsburgh, PA 15206",False,,,https://www.apartments.com/1147-king-ave-pittsburgh-pa/xsxmdbm/
,,,,,,,
,,,,,,,
,,,,,,,
5912 Bryant St Unit 1,,412-506-6605,"5912 Bryant St, Pittsburgh, PA 15206",False,,,https://www.apartments.com/5912-bryant-st-pittsburgh-pa-unit-1/e2p6fzm/
311 Boggs Ave Unit 2,,724-330-4163,"311 Boggs Ave, Pittsburgh, PA 15211",False,,,https://www.apartments.com/311-boggs-ave-pittsburgh-pa-unit-2/2xw2wyc/
4 Dewitt St Unit 1,,,"4 Dewitt St, Pittsburgh, PA 15211",False,,,https://www.apartments.com/4-dewitt-st-pittsburgh-pa-unit-1/0gt2sr0/
241 Reifert St Unit 2,,412-219-2832,"241 Reifert St, Pittsburgh, PA 15210",False,,,https://www.apartments.com/241-reifert-st-pittsburgh-pa-unit-2/jvzsdy5/
613 Boggs Ave Unit 2,,724-330-4110,"613 Boggs Ave, Pittsburgh, PA 15211",False,,,https://www.apartments.com/613-boggs-ave-pittsburgh-pa-unit-2/6mrvc4r/
7720 Waverly St Unit 3,,724-761-2249,"7720 Waverly St, Pittsburgh, PA 15221",False,,,https://www.apartments.com/7720-waverly-st-pittsburgh-pa-unit-3/6wsnfdr/
7720 Waverly St Unit 5,,412-430-9489,"7720 Waverly St, Pittsburgh, PA 15221",False,,,https://www.apartments.com/7720-waverly-st-pittsburgh-pa-unit-5/pd69nxr/
266 Plymouth St Unit 2,,724-330-4191,"266 Plymouth St, Pittsburgh, PA 15211",False,,,https://www.apartments.com/266-plymouth-st-pittsburgh-pa-unit-2/73xgwhx/
318 S Trenton Ave Unit 1A,,724-905-0196,"318 S Trenton Ave, Pittsburgh, PA 15221",False,,,https://www.apartments.com/318-s-trenton-ave-pittsburgh-pa-unit-1a/jbz24h5/
317 Franklin Ave Unit 3,,412-688-6196,"317 Franklin Ave, Pittsburgh, PA 15221",False,,,https://www.apartments.com/317-franklin-ave-pittsburgh-pa-unit-3/rzykxs0/
405 Biddle Ave Unit 3,,724-602-4939,"405 Biddle Ave, Pittsburgh, PA 15221",False,,,https://www.apartments.com/405-biddle-ave-pittsburgh-pa-unit-3/s2bj846/
1610 Dellrose St Unit 2,,724-918-4498,"1610 Dellrose St, Pittsburgh, PA 15210",False,,,https://www.apartments.com/1610-dellrose-st-pittsburgh-pa-unit-2/yvdgp8v/
201 Blackhawk St Unit 3,,412-420-6991,"201 Blackhawk St, Pittsburgh, PA 15218",False,,,https://www.apartments.com/201-blackhawk-st-pittsburgh-pa-unit-3/5g5qbqq/
201 Blackhawk St Unit 5,,412-420-6839,"201 Blackhawk St, Pittsburgh, PA 15218",False,,,https://www.apartments.com/201-blackhawk-st-pittsburgh-pa-unit-5/x1xq6sq/
208 West St Unit 2,,724-705-9031,"208 West St, Pittsburgh, PA 15221",False,,,https://www.apartments.com/208-west-st-pittsburgh-pa-unit-2/nrq663m/
933 S Trenton Ave Unit 2,,412-314-4718,"933 S Trenton Ave, Pittsburgh, PA 15221",False,,,https://www.apartments.com/933-s-trenton-ave-pittsburgh-pa-unit-2/lnl722f/
7 4th St,,412-799-6798,"7 4th St, Sharpsburg, PA 15215",False,,,https://www.apartments.com/7-4th-st-sharpsburg-pa/7qfpjxy/
1312 S Braddock Ave Unit 3,,724-602-4921,"1312 S Braddock Ave, Pittsburgh, PA 15218",False,,,https://www.apartments.com/1312-s-braddock-ave-pittsburgh-pa-unit-3/1sb73x4/
453 Biddle Ave Unit 7,,724-602-4008,"453 Biddle Ave, Pittsburgh, PA 15221",False,,,https://www.apartments.com/453-biddle-ave-pittsburgh-pa-unit-7/xmb2xbn/
600 Allenby Ave Unit 5,,412-688-6068,"600 Allenby Ave, Pittsburgh, PA 15218",False,,,https://www.apartments.com/600-allenby-ave-pittsburgh-pa-unit-5/ktvfs6b/
614 Main St Unit 203,,412-690-0254,"614 Main St, Pittsburgh, PA 15215",False,,,https://www.apartments.com/614-main-st-pittsburgh-pa-unit-203/ccyn6tg/
64 Bridge St Unit 4,,412-294-9670,"64 Bridge St, Pittsburgh, PA 15223",False,,,https://www.apartments.com/64-bridge-st-pittsburgh-pa-unit-4/gj7cdez/
,,,,,,,
,,,,,,,
,,,,,,,
,,,,,,,
,,,,,,,
,,,,,,,
,,,,,,,
,,,,,,,
,,,,,,,
,,,,,,,
,,,,,,,
,,,,,,,
,,,,,,,
,,,,,,,
,,,,,,,
,,,,,,,
,,,,,,,
,,,,,,,
,,,,,,,
,,,,,,,
,,,,,,,
,,,,,,,
,,,,,,,
,,,,,,,
,,,,,,,
,,,,,,,
,,,,,,,
,,,,,,,
,,,,,,,
,,,,,,,
,,,,,,,
,,,,,,,
,,,,,,,
,,,,,,,
,,,,,,,
,,,,,,,
,,,,,,,
,,,,,,,
,,,,,,,
,,,,,,,
,,,,,,,
Sussex Apartments,,,"246 McKee Pl, Pittsburgh, PA 15213",False,1930,21,https://www.apartments.com/sussex-apartments-pittsburgh-pa/xrdcdxm/
"3 br, 1.5 bath Apartment - 351 Atwood St",,,"351 Atwood St, Pittsburgh, PA 15213",False,1930,21,https://www.apartments.com/3-br-15-bath-apartment-351-atwood-st-pittsburgh-pa/7c1b91y/
"3 br, 1 bath House - 273 Robinson St",,,"273 Robinson St, Pittsburgh, PA 15213",False,1930,21,https://www.apartments.com/3-br-1-bath-house-273-robinson-st-pittsburgh-pa/jeet6c4/
3414 Louisa Street,,,"3414 Louisa St, Pittsburgh, PA 15213",False,1930,21,https://www.apartments.com/3414-louisa-street-pittsburgh-pa/bxff5jb/
908 Bryn Mawr Rd Unit 3,,,"908 Bryn Mawr Rd, Pittsburgh, PA 15219",False,1930,21,https://www.apartments.com/908-bryn-mawr-rd-pittsburgh-pa-unit-3/qerfg9x/
University Commons,,,"3811-3845 Dawson St, Pittsburgh, PA 15213",False,1960,79,https://www.apartments.com/university-commons-pittsburgh-pa/pel2hgr/
Schenley Arms,,,"4041 Bigelow Blvd, Pittsburgh, PA 15213",False,1929,40,https://www.apartments.com/schenley-arms-pittsburgh-pa/6zw595r/
22 Oakland Square Unit 2,,,"22 Oakland Square, Pittsburgh, PA 15213",False,1929,40,https://www.apartments.com/22-oakland-square-pittsburgh-pa-unit-2/qjhhn6z/
3432 Ward St,,,"3432 Ward St, Pittsburgh, PA 15213",False,1929,40,https://www.apartments.com/3432-ward-st-pittsburgh-pa/sl6nm96/
Neville Street Properties,,,"414 N Neville St, Pittsburgh, PA 15213",False,,58,https://www.apartments.com/neville-street-properties-pittsburgh-pa/lxz9wqd/
3443 Parkview Ave Unit 1,,,"3443 Parkview Ave, Pittsburgh, PA 15213",False,,58,https://www.apartments.com/3443-parkview-ave-pittsburgh-pa-unit-1/0q1zbw3/
375 N Craig St,,,"375 N Craig St, Pittsburgh, PA 15213",False,,58,https://www.apartments.com/375-n-craig-st-pittsburgh-pa/de93mgl/
630 Clyde Street,,,"630 Clyde St, Pittsburgh, PA 15213",False,,13,https://www.apartments.com/630-clyde-street-pittsburgh-pa/vhbhvgd/
WALK TO PITT AND CMU!,,,"352 N Craig St, Pittsburgh, PA 15213",False,,13,https://www.apartments.com/walk-to-pitt-and-cmu-pittsburgh-pa-unit-4/b9fh518/
3211 Niagara St,,,"3211 Niagara St, Pittsburgh, PA 15213",False,,13,https://www.apartments.com/3211-niagara-st-pittsburgh-pa/f6g7f9t/
"2 br, 1 bath Apartment - 35 Lawn Street",,,"35 Lawn St, Pittsburgh, PA 15213",False,,13,https://www.apartments.com/2-br-1-bath-apartment-35-lawn-street-pittsburgh-pa/ttyfg58/
"2 br, 1 bath Townhome - 3320 Hardie Way",,,"3320 Hardie Way, Pittsburgh, PA 15213",False,,13,https://www.apartments.com/2-br-1-bath-townhome-3320-hardie-way-pittsburgh-pa/xvrdypm/
"2 br, 2 bath House - 3345 Webster Ave",,,"3345 Webster Ave, Pittsburgh, PA 15219",False,,13,https://www.apartments.com/2-br-2-bath-house-3345-webster-ave-pittsburgh-pa/3yk2ljg/
3408 Parkview Ave Unit 35,,,"3408 Parkview Ave, Pittsburgh, PA 15213",False,,13,https://www.apartments.com/3408-parkview-ave-pittsburgh-pa-unit-35/c01dfzd/
3301 Juliet St Unit 2,,,"3301 Juliet St, Pittsburgh, PA 15213",False,,13,https://www.apartments.com/3301-juliet-st-pittsburgh-pa-unit-2/1nj9vx5/
Centre Tower,,,"4750 Centre Ave, Pittsburgh, PA 15213",False,1920,48,https://www.apartments.com/centre-tower-pittsburgh-pa/m415wsj/
3314 Dawson St Unit Apt 2,,,"3314 Dawson St, Pittsburgh, PA 15213",False,1920,48,https://www.apartments.com/3314-dawson-st-pittsburgh-pa-unit-apt-2/z8hp6zy/
"2 br, 1 bath Apartment - 47 Bates Street #2",,,"47 Bates St, Pittsburgh, PA 15213",False,1920,48,https://www.apartments.com/2-br-1-bath-apartment-47-bates-street-2-pittsburgh-pa-unit-2/b4ws6eb/
"1 br, 1 bath Apartment - 4909 CENTRE AVE",,,"4909 Centre Ave, Pittsburgh, PA 15213",False,1920,48,https://www.apartments.com/1-br-1-bath-apartment-4909-centre-ave-pittsburgh-pa/38b2xmg/
"3 br, 2 bath Apartment - 3209 Ward Street 1",,,"3209 Ward St, Pittsburgh, PA 15213",False,1920,48,https://www.apartments.com/3-br-2-bath-apartment-3209-ward-street-1-pittsburgh-pa/0dlwyp0/
"5 br, 2 bath House - 3263 Parkview Ave",,,"3263 Parkview Ave, Pittsburgh, PA 15213",False,1920,48,https://www.apartments.com/5-br-2-bath-house-3263-parkview-ave-pittsburgh-pa/0c1hep3/
"4 br, 2 bath Apartment - 745 S Millvale Ave 1",,,"745 S Millvale Ave, Pittsburgh, PA 15213",False,1920,48,https://www.apartments.com/4-br-2-bath-apartment-745-s-millvale-ave-1-pittsburgh-pa/59m79bm/
TWO BEDROOM WITH SUNROOM,,,"222 Morewood Ave, Pittsburgh, PA 15213",False,1920,48,https://www.apartments.com/two-bedroom-with-sunroom-pittsburgh-pa-unit-2/1t9h4p6/
311 Morewood Ave,,,"311 Morewood Ave, Pittsburgh, PA 15213",False,1960,,https://www.apartments.com/311-morewood-ave-pittsburgh-pa/t5xqqp8/
4 bedroom 2 bath home Oakland!,,,"3232 Parkview Ave, Pittsburgh, PA 15213",False,1960,,https://www.apartments.com/4-bedroom-2-bath-home-oakland-pittsburgh-pa/p1r9vgs/
"2 br, 1 bath Townhome - 3730 Orpwood Street",,,"3730 Orpwood St, Pittsburgh, PA 15213",False,1960,,https://www.apartments.com/2-br-1-bath-townhome-3730-orpwood-street-pittsburgh-pa/trpfen9/
348 Cedarville St,,,"348 Cedarville St, Pittsburgh, PA 15224",False,1960,,https://www.apartments.com/348-cedarville-st-pittsburgh-pa/jrxrx65/
41 Gist St,,,"41 Gist St, Pittsburgh, PA 15219",False,1960,,https://www.apartments.com/41-gist-st-pittsburgh-pa/zxvt77x/
Atherstone Manor,,,"5300 5th Ave, Pittsburgh, PA 15232",False,1960,23,https://www.apartments.com/atherstone-manor-pittsburgh-pa/tyt5wzc/
,,,,,,,
,,,,,,,
,,,,,,,
,,,,,,,
,,,,,,,
Courtyard on Wharton,,,"2105-2107 Wharton St, Pittsburgh, PA 15203",False,,10,https://www.apartments.com/courtyard-on-wharton-pittsburgh-pa/yef16ks/
"1 br, 1 bath Apartment - 5440 5th Avenue",,,"5440 Fifth Ave, Pittsburgh, PA 15232",False,,10,https://www.apartments.com/1-br-1-bath-apartment-5440-5th-avenue-pittsburgh-pa/re5xx63/
Flats on Fifth,,,"1655 5th Ave, Pittsburgh, PA 15219",True,2016,86,https://www.apartments.com/flats-on-fifth-pittsburgh-pa/z5l8xey/
4022 Mintwood St,,,"4022 Mintwood St, Pittsburgh, PA 15224",False,2016,86,https://www.apartments.com/4022-mintwood-st-pittsburgh-pa/2nh0v5b/
514 S Graham St Unit Apt. 3,,,"514 S Graham St, Pittsburgh, PA 15232",False,2016,86,https://www.apartments.com/514-s-graham-st-pittsburgh-pa-unit-apt-3/dg5349j/
42 Van Braam St Unit Apt 2,,,"42 Van Braam St, Pittsburgh, PA 15219",False,2016,86,https://www.apartments.com/42-van-braam-st-pittsburgh-pa-unit-apt-2/28eq66b/
Stunning Shadyside Home,,,"713 Filbert St, Pittsburgh, PA 15232",False,2016,86,https://www.apartments.com/stunning-shadyside-home-pittsburgh-pa/bkd5k9b/
Ultra chic 2 BR in Bloomfield,,,"434 S Aiken Ave, Pittsburgh, PA 15232",False,2016,86,https://www.apartments.com/ultra-chic-2-br-in-bloomfield-pittsburgh-pa-unit-2nd-fl/scvb3w5/
Normandy II,,,"5520 5th Ave, Pittsburgh, PA 15232",False,1965,22,https://www.apartments.com/normandy-ii-pittsburgh-pa/xhy1pmm/
2134 E Carson St,,,"2134 E Carson St, Pittsburgh, PA 15203",False,1965,22,https://www.apartments.com/2134-e-carson-st-pittsburgh-pa/b4hk3n8/
Charming 3 Bedroom 1 Bath Sout SIde Home,,,"1917 Wharton St, Pittsburgh, PA 15203",False,1965,22,https://www.apartments.com/charming-3-bedroom-1-bath-sout-side-home-pittsburgh-pa/f2jcy1r/
352 S Pacific Ave Unit 1,,,"352 S Pacific Ave, Pittsburgh, PA 15224",False,1965,22,https://www.apartments.com/352-s-pacific-ave-pittsburgh-pa-unit-1/7y7dssy/
918 Ivy St,,,"918 Ivy St, Pittsburgh, PA 15232",False,1965,22,https://www.apartments.com/918-ivy-st-pittsburgh-pa/vxcx4pf/
"1 br, 1 bath Apartment - 926 Ivy St Apt 104",,,"926 Ivy St, Pittsburgh, PA 15232",False,1965,22,https://www.apartments.com/1-br-1-bath-apartment-926-ivy-st-apt-104-pittsburgh-pa-unit-apt-104/xgdsf8n/
2236 Larkins Way 2 Bed South Side Apt,,,"2234 Larkins Way, Pittsburgh, PA 15203",False,1965,22,https://www.apartments.com/2236-larkins-way-2-bed-south-side-apt-pittsburgh-pa/r08wck0/
Friendship Court,,,"273 S Winebiddle St, Pittsburgh, PA 15224",False,1955,74,https://www.apartments.com/friendship-court-pittsburgh-pa/qmc8wvx/
730 S Negley Ave,,,"730 S Negley Ave, Pittsburgh, PA 15232",False,,13,https://www.apartments.com/730-s-negley-ave-pittsburgh-pa/8k3s1m3/
5445 Bartlett St Unit 2,,,"5445 Bartlett St, Pittsburgh, PA 15217",False,,13,https://www.apartments.com/5445-bartlett-st-pittsburgh-pa-unit-2/mk2150j/
"2 br, 2 bath House - 2820 Edwards Way",,,"2820 Edwards Way, Pittsburgh, PA 15203",False,,13,https://www.apartments.com/2-br-2-bath-house-2820-edwards-way-pittsburgh-pa/1ptb507/
4625 Carroll St Unit Apt 2.,,,"4625 Carroll St, Pittsburgh, PA 15224",False,,13,https://www.apartments.com/4625-carroll-st-pittsburgh-pa-unit-apt-2/s84kfx4/
,,,,,,,
,,,,,,,
,,,,,,,
,,,,,,,
,,,,,,,
,,,,,,,
,,,,,,,
,,,,,,,
,,,,,,,
,,,,,,,
,,,,,,,
Baum Grove,,,"5722-5728 Baum Blvd, Pittsburgh, PA 15206",False,,24,https://www.apartments.com/baum-grove-pittsburgh-pa/tm04v59/
641 Maryland Ave,,,"641 Maryland Ave, Pittsburgh, PA 15232",False,,24,https://www.apartments.com/641-maryland-ave-pittsburgh-pa/2teh179/
Great Greenfield Home,,,"4206 Haldane St, Pittsburgh, PA 15207",False,,24,https://www.apartments.com/great-greenfield-home-pittsburgh-pa/p2dwcwv/
Elwood Gardens,,,"5819-5835 Elwood St, Pittsburgh, PA 15232",False,,24,https://www.apartments.com/elwood-gardens-pittsburgh-pa/znqcztz/
Malabar,,,"5810 Howe St, Pittsburgh, PA 15232",False,,,https://www.apartments.com/malabar-pittsburgh-pa/hzef8b0/
"3 br, 1 bath House - 5134 Dearborn Street",,,"5134 Dearborn St, Pittsburgh, PA 15224",False,,,https://www.apartments.com/3-br-1-bath-house-5134-dearborn-street-pittsburgh-pa/jtfy0w7/
"1 br, 1 bath - 5819 5th Ave Apt 5",,,"5819 Fifth Ave, Pittsburgh, PA 15232",False,,,https://www.apartments.com/1-br-1-bath-5819-5th-ave-apt-5-pittsburgh-pa-unit-apt-5/1dxv5l7/
Walnut on the Park,,,"5326 Pocusset St, Pittsburgh, PA 15217",False,1925,32,https://www.apartments.com/walnut-on-the-park-pittsburgh-pa/f74fvhv/
225 Roup Ave Unit 31,,,"225 Roup Ave, Pittsburgh, PA 15206",False,1925,32,https://www.apartments.com/225-roup-ave-pittsburgh-pa-unit-31/tq48d2b/
302 S Negley Ave,,,"302 S Negley Ave, Pittsburgh, PA 15232",False,1925,32,https://www.apartments.com/302-s-negley-ave-pittsburgh-pa/kcx39yb/
Union on 5th Avenue,,,"1030 5th Ave, Pittsburgh, PA 15219",True,2016,35,https://www.apartments.com/union-on-5th-avenue-pittsburgh-pa/k8y2zrb/
"2 br, 1 bath House - 5552 Beacon St. Unit 17",,,"5552 Beacon St, Pittsburgh, PA 15217",False,2016,35,https://www.apartments.com/2-br-1-bath-house-5552-beacon-st-unit-17-pittsburgh-pa/j4d21h7/
747 McCaslin St,,,"747 McCaslin St, Pittsburgh, PA 15217",False,2016,35,https://www.apartments.com/747-mccaslin-st-pittsburgh-pa/p3x1gxr/
1910 S 18th St 2 or 3 Bedroom South Side Apt,,,"1910 S 18th St, Pittsburgh, PA 15203",False,2016,35,https://www.apartments.com/1910-s-18th-st-2-or-3-bedroom-south-side-apt-pittsburgh-pa-unit-2/2gq6wjb/
"4 br, 2 bath Apartment - 182 Pius St",,,"182 Pius St, Pittsburgh, PA 15203",False,,,https://www.apartments.com/4-br-2-bath-apartment-182-pius-st-pittsburgh-pa/smhpqj5/
1403 Sarah St,,,"1403 Sarah St, Pittsburgh, PA 15203",False,,,https://www.apartments.com/1403-sarah-st-pittsburgh-pa/98kh0h6/
5920 Walnut St,,,"5920 Walnut St, Pittsburgh, PA 15232",False,,13,https://www.apartments.com/5920-walnut-st-pittsburgh-pa/4dehffk/
200 Stratford Ave,,,"200 Stratford Ave, Pittsburgh, PA 15206",False,,13,https://www.apartments.com/200-stratford-ave-pittsburgh-pa/hmxg4b1/
"3 br, 1 bath House - 4718 Kincaid St.",,,"4718 Kincaid St, Pittsburgh, PA 15224",False,,13,https://www.apartments.com/3-br-1-bath-house-4718-kincaid-st-pittsburgh-pa/fgwjv0t/
Frontenac Apartments,,,"490 S Highland Ave, Pittsburgh, PA 15206",False,1927,71,https://www.apartments.com/frontenac-apartments-pittsburgh-pa/xkk1dtq/
Montrose Manor,,,"5939 5th Ave, Pittsburgh, PA 15232",False,,12,https://www.apartments.com/montrose-manor-pittsburgh-pa/21630q8/
1362 Goettman St Unit 6,,,"1362 Goettman St, Pittsburgh, PA 15212",False,,12,https://www.apartments.com/1362-goettman-st-pittsburgh-pa-unit-6/tk6zmnb/
Forbes Terrace,,,"5703 Forbes Ave, Pittsburgh, PA 15217",False,,41,https://www.apartments.com/forbes-terrace-pittsburgh-pa/bfrzkcb/
171 S 15th St,,,"171 S 15th St, Pittsburgh, PA 15203",False,,41,https://www.apartments.com/171-s-15th-st-pittsburgh-pa/7kg29xy/
"3 br, 1.5 bath House - 264 S Euclid",,,"264 S Euclid Ave, Pittsburgh, PA 15206",False,,41,https://www.apartments.com/3-br-15-bath-house-264-s-euclid-pittsburgh-pa/ncnxxnm/
"3 br, 1 bath House - 2412 Berg",,,"2412 Berg St, Pittsburgh, PA 15203",False,,41,https://www.apartments.com/3-br-1-bath-house-2412-berg-pittsburgh-pa/y5xb2vv/
4634 Carlton St,,,"4634 Carlton St, Pittsburgh, PA 15201",False,,41,https://www.apartments.com/4634-carlton-st-pittsburgh-pa/dzwwn0h/
"3 br, 2 bath Apartment - 1021 East Carson",,,"1021 E Carson St, Pittsburgh, PA 15203",False,,41,https://www.apartments.com/3-br-2-bath-apartment-1021-east-carson-pittsburgh-pa/4lgt4xk/
"3 br, 2 bath House - 111 S 12th St",,,"111 S 12th St, Pittsburgh, PA 15203",False,,41,https://www.apartments.com/3-br-2-bath-house-111-s-12th-st-pittsburgh-pa/gekhtgy/
4411 Butler St,,,"4411 Butler St, Pittsburgh, PA 15201",False,,41,https://www.apartments.com/4411-butler-st-pittsburgh-pa/e77yjfp/
6111 Fifth Ave Unit # 1C,,,"6111 Fifth Ave, Pittsburgh, PA 15232",False,,41,https://www.apartments.com/6111-fifth-ave-pittsburgh-pa-unit-1c/1c6mgd6/
122 43rd St Unit 1,,,"122 43rd St, Pittsburgh, PA 15201",False,,41,https://www.apartments.com/122-43rd-st-pittsburgh-pa-unit-1/shrdc85/
"2 br, 1 bath House - 203 Lehigh Ave #3",,,"203 Lehigh Ave, Pittsburgh, PA 15232",False,,41,https://www.apartments.com/2-br-1-bath-house-203-lehigh-ave-3-pittsburgh-pa/dl1cn0k/
13 Nusser St,,,"13 Nusser St, Pittsburgh, PA 15203",False,,41,https://www.apartments.com/13-nusser-st-pittsburgh-pa/08wwds2/
Beautiful Troy Hill 1 Bedroom Efficiency!,,,"1139 Brabec St, Pittsburgh, PA 15212",False,,41,https://www.apartments.com/beautiful-troy-hill-1-bedroom-efficiency-pittsburgh-pa/bpcgdfc/
"1 br, 1 bath - 214 S Highland Ave November",,,"214 S Highland Ave, Pittsburgh, PA 15206",False,,41,https://www.apartments.com/1-br-1-bath-214-s-highland-ave-november-pittsburgh-pa/jc7t1s7/
6209 Kentucky Ave,,,"6209 Kentucky Ave, Pittsburgh, PA 15206",False,,41,https://www.apartments.com/6209-kentucky-ave-pittsburgh-pa/wshje2l/
East Liberty Place South,,,"5836 Penn Ave, Pittsburgh, PA 15206",False,2014,52,https://www.apartments.com/east-liberty-place-south-pittsburgh-pa/kpnrdw8/
126 Cologne St,,,"126 Cologne St, Pittsburgh, PA 15210",False,2014,52,https://www.apartments.com/126-cologne-st-pittsburgh-pa/djjhk7l/
,,,,,,,
Lynn Apartments,,,"5686 Forward Ave, Pittsburgh, PA 15217",False,,11,https://www.apartments.com/lynn-apartments-pittsburgh-pa/gpj5eez/
814 Selby Way Unit 2,,,"814 Selby Way, Pittsburgh, PA 15203",False,,11,https://www.apartments.com/814-selby-way-pittsburgh-pa-unit-2/n3pxh0q/
"3 br, 3 bath Apartment - 1619 Shady Ave",,,"1619 Shady Ave, Pittsburgh, PA 15217",False,,11,https://www.apartments.com/3-br-3-bath-apartment-1619-shady-ave-pittsburgh-pa/nk92t0n/
"2 br, 1 bath Townhome - 1810 Shady Ave",,,"1810 Shady Ave, Pittsburgh, PA 15217",False,,11,https://www.apartments.com/2-br-1-bath-townhome-1810-shady-ave-pittsburgh-pa/3pwsh4f/
2129 Straubs Ln,,,"2129 Straubs Ln, Pittsburgh, PA 15212",False,,11,https://www.apartments.com/2129-straubs-ln-pittsburgh-pa/bs9lp98/
The Penn at Walnut on Highland,,,"111 S Highland Ave, Pittsburgh, PA 15206",False,2013,78,https://www.apartments.com/the-penn-at-walnut-on-highland-pittsburgh-pa/d043r1h/
"5 br, 1.5 bath House - 311 Dengler St",,,"311 Dengler St, Pittsburgh, PA 15210",False,2013,78,https://www.apartments.com/5-br-15-bath-house-311-dengler-st-pittsburgh-pa/h6rdep2/
1608 1/2-321 Denniston St,,,"1608 1/2-321 Denniston St, Pittsburgh, PA 15217",False,2013,78,https://www.apartments.com/1608-1-2-321-denniston-st-pittsburgh-pa/etqjnem/
"3 br, 1 bath House - 1940 Arlington",,,"1940 Arlington Ave, Pittsburgh, PA 15210",False,2013,78,https://www.apartments.com/3-br-1-bath-house-1940-arlington-pittsburgh-pa/d3ygj3k/
5801 Station St,,,"5801 Station St, Pittsburgh, PA 15206",False,2013,78,https://www.apartments.com/5801-station-st-pittsburgh-pa/txdzycb/
"3 br, 1 bath House - 5917 Nicholson St.",,,"5917 Nicholson St, Pittsburgh, PA 15217",False,2013,78,https://www.apartments.com/3-br-1-bath-house-5917-nicholson-st-pittsburgh-pa/0ndew83/
501 Cabot Way,,,"501 Cabot Way, Pittsburgh, PA 15203",False,2013,78,https://www.apartments.com/501-cabot-way-pittsburgh-pa/jnh8qp5/
709 Penn Ave,,,"709 Penn Ave, Pittsburgh, PA 15222",False,2013,78,https://www.apartments.com/709-penn-ave-pittsburgh-pa/yf9lxmv/
139 7th St Unit Suite 2000,,,"139 7th St, Pittsburgh, PA 15222",False,2013,78,https://www.apartments.com/139-7th-st-pittsburgh-pa-unit-suite-2000/ltn0t2e/
Standard Life Building,,,"345 4th Ave, Pittsburgh, PA 15222",False,2015,41,https://www.apartments.com/standard-life-building-pittsburgh-pa/dvgf4gj/
Spectacular 4 Bedroom Squirrel Hill Townhome,,,"1655 Beechwood Blvd, Pittsburgh, PA 15217",False,2015,41,https://www.apartments.com/spectacular-4-bedroom-squirrel-hill-townhome-pittsburgh-pa/6x6wr8v/
"3 br, 2 bath Duplex - 764 Hazelwood Ave # 2",,,"764 Hazelwood Ave, Pittsburgh, PA 15217",False,2015,41,https://www.apartments.com/3-br-2-bath-duplex-764-hazelwood-ave-2-pittsburgh-pa/rp7b5d1/
"3 br, 1.5 bath House - 928 Vista St.",,,"928 Vista St, Pittsburgh, PA 15212",False,2015,41,https://www.apartments.com/3-br-15-bath-house-928-vista-st-pittsburgh-pa/y3kenrv/
1150 Greenfield Ave Unit 2,,,"1150 Greenfield Ave, Pittsburgh, PA 15217",False,2015,41,https://www.apartments.com/1150-greenfield-ave-pittsburgh-pa-unit-2/geftyyy/
628 Arlington Ave,,,"628 Arlington Ave, Pittsburgh, PA 15203",False,2015,41,https://www.apartments.com/628-arlington-ave-pittsburgh-pa/tr14jb8/
"2 br, 1 bath House - 6319 Monitor St #1",,,"6319 Monitor St, Pittsburgh, PA 15217",False,2015,41,https://www.apartments.com/2-br-1-bath-house-6319-monitor-st-1-pittsburgh-pa/4mv6smh/
"5 br, 2 bath House - 1783 Arlington",,,"1783 Arlington, Mount Oliver, PA 15210",False,2015,41,https://www.apartments.com/5-br-2-bath-house-1783-arlington-mount-oliver-pa/n6cehnn/
"4 br, 2 bath House - 412 N Euclid Ave",,,"412 N Euclid Ave, Pittsburgh, PA 15206",False,2015,41,https://www.apartments.com/4-br-2-bath-house-412-n-euclid-ave-pittsburgh-pa/lh5tsef/
"3 br, 1.5 bath House - 965 Manton Way",,,"965 Manton Way, Pittsburgh, PA 15210",False,2015,41,https://www.apartments.com/3-br-15-bath-house-965-manton-way-pittsburgh-pa/9y6rl96/
Keystone Flats - Now Leasing For Fall,,,"319 Third Ave, Pittsburgh, PA 15222",True,2019,90,https://www.apartments.com/keystone-flats-now-leasing-for-fall-pittsburgh-pa/fpdez6r/
5715 E Liberty Blvd,,,"5715 E Liberty Blvd, Pittsburgh, PA 15206",False,2019,90,https://www.apartments.com/5715-e-liberty-blvd-pittsburgh-pa/5gf4g7n/
607 Penn Ave,,,"607 Penn Ave, Pittsburgh, PA 15222",False,2019,90,https://www.apartments.com/607-penn-ave-pittsburgh-pa/941vtp7/
"2 br, 1 bath House - 2347 Tilbury Street",,,"2347 Tilbury Ave, Pittsburgh, PA 15217",False,2019,90,https://www.apartments.com/2-br-1-bath-house-2347-tilbury-street-pittsburgh-pa/yq6q8ws/
Location Location Location,,,"6379 Douglas St, Pittsburgh, PA 15217",False,2019,90,https://www.apartments.com/location-location-location-pittsburgh-pa/fnnscfs/
4331 Saline St,,,"4331 Saline St, Pittsburgh, PA 15217",False,2019,90,https://www.apartments.com/4331-saline-st-pittsburgh-pa/bc5zmh9/
502 Suismon St,,,"502 Suismon St, Pittsburgh, PA 15212",False,2019,90,https://www.apartments.com/502-suismon-st-pittsburgh-pa/2j18mr9/
741 Chislett St,,,"741 Chislett St, Pittsburgh, PA 15206",False,2019,90,https://www.apartments.com/741-chislett-st-pittsburgh-pa/lwhrqxf/
133 Stamm Ave Unit 4B,,,"133 Stamm Ave, Pittsburgh, PA 15210",False,2019,90,https://www.apartments.com/133-stamm-ave-pittsburgh-pa-unit-4b/wltzv5l/
2421 Beechwood Blvd,,,"2421 Beechwood Blvd, Pittsburgh, PA 15217",False,2019,90,https://www.apartments.com/2421-beechwood-blvd-pittsburgh-pa/bjg38t9/
331 Knox Ave,,,"331 Knox Ave, Pittsburgh, PA 15210",False,2019,90,https://www.apartments.com/331-knox-ave-pittsburgh-pa/3z531vf/
Conveniently Located Efficiency In Mt Oliver!,,,"131 Brownsville Rd, Pittsburgh, PA 15210",False,2019,90,https://www.apartments.com/conveniently-located-efficiency-in-mt-oliver-pittsburgh-pa/4c2vmsj/
"2 br, 1 bath Townhome - 102 Jucunda St",,,"102 Jucunda St, Pittsburgh, PA 15210",False,2019,90,https://www.apartments.com/2-br-1-bath-townhome-102-jucunda-st-pittsburgh-pa/zdw1frz/
5158 Butler St Unit 3,,,"5158 Butler St, Pittsburgh, PA 15201",False,2019,90,https://www.apartments.com/5158-butler-st-pittsburgh-pa-unit-3/jryvjj5/
"3 br, 1.5 bath House - 4239 Upview Terrace",,,"4239 Upview Terrace, Pittsburgh, PA 15201",False,2019,90,https://www.apartments.com/3-br-15-bath-house-4239-upview-terrace-pittsburgh-pa/6x5l4es/
729 N St Clair St,,,"729 N St Clair St, Pittsburgh, PA 15206",False,2019,90,https://www.apartments.com/729-n-st-clair-st-pittsburgh-pa/vwzev7e/
406 Stanton Ave Unit 2,,,"406 Stanton Ave, Pittsburgh, PA 15209",False,2019,90,https://www.apartments.com/406-stanton-ave-pittsburgh-pa-unit-2/12cptg5/
"4 br, 2 bath House - 65 Millbridge St",,,"65 Millbridge St, Pittsburgh, PA 15210",False,2019,90,https://www.apartments.com/4-br-2-bath-house-65-millbridge-st-pittsburgh-pa/1m9xct4/
9 E Sherman St,,,"9 E Sherman St, Pittsburgh, PA 15209",False,2019,90,https://www.apartments.com/9-e-sherman-st-pittsburgh-pa/4krfykl/
636 E Warrington Ave,,,"636 E Warrington Ave, Pittsburgh, PA 15210",False,2019,90,https://www.apartments.com/636-e-warrington-ave-pittsburgh-pa/vlj9vfe/
6780 5th Ave Unit 116,,,"6780 5th Ave, Pittsburgh, PA 15208",False,2019,90,https://www.apartments.com/6780-5th-ave-pittsburgh-pa-unit-116/ndp7f9n/
"3 br, 1.5 bath House - 1112 Brintell St",,,"1112 Brintell St, Pittsburgh, PA 15201",False,2019,90,https://www.apartments.com/3-br-15-bath-house-1112-brintell-st-pittsburgh-pa/g6vv76y/
3234 Beechwood Blvd,,,"3234 Beechwood Blvd, Pittsburgh, PA 15217",False,2019,90,https://www.apartments.com/3234-beechwood-blvd-pittsburgh-pa/h28cfq1/
257 Ormsby Ave,,,"257 Ormsby Ave, Pittsburgh, PA 15210",False,2019,90,https://www.apartments.com/257-ormsby-ave-pittsburgh-pa/f7dqb6v/
118 Rochelle St,,,"118 Rochelle St, Pittsburgh, PA 15210",False,2019,90,https://www.apartments.com/118-rochelle-st-pittsburgh-pa/1k7twl7/
,,,,,,,
,,,,,,,
,,,,,,,
,,,,,,,
,,,,,,,
,,,,,,,
,,,,,,,
,,,,,,,
,,,,,,,
,,,,,,,
,,,,,,,
,,,,,,,
,,,,,,,
,,,,,,,
,,,,,,,
,,,,,,,
,,,,,,,
,,,,,,,
,,,,,,,
,,,,,,,
,,,,,,,
,,,,,,,
,,,,,,,
,,,,,,,
,,,,,,,
,,,,,,,
,,,,,,,
,,,,,,,
,,,,,,,
,,,,,,,
,,,,,,,
,,,,,,,
,,,,,,,
,,,,,,,
,,,,,,,
,,,,,,,
,,,,,,,
,,,,,,,
,,,,,,,
,,,,,,,
,,,,,,,
,,,,,,,
,,,,,,,
,,,,,,,
,,,,,,,
,,,,,,,
,,,,,,,
,,,,,,,
,,,,,,,
Trenton Square Apartments,,,"535-603 S Trenton Ave, Pittsburgh, PA 15221",False,,70,https://www.apartments.com/trenton-square-apartments-pittsburgh-pa/gjjsz9x/
,,,,,,,
,,,,,,,
,,,,,,,
,,,,,,,
,,,,,,,
,,,,,,,
,,,,,,,
,,,,,,,
7120 McClure Ave Unit #1,,,"7120 McClure Ave, Pittsburgh, PA 15218",False,,,https://www.apartments.com/7120-mcclure-ave-pittsburgh-pa-unit-1/w5zv9gl/
Beautiful 3BR Home in Carrick!,,,"1727 Mt Joseph St, Pittsburgh, PA 15210",False,,,https://www.apartments.com/beautiful-3br-home-in-carrick-pittsburgh-pa/zz91ley/
"2 br, 1 bath House - 388 Republic",,,"388 Republic St, Pittsburgh, PA 15211",False,,,https://www.apartments.com/2-br-1-bath-house-388-republic-pittsburgh-pa/hrq33n0/
13 James St,,,"13 James St, Pittsburgh, PA 15223",False,,,https://www.apartments.com/13-james-st-pittsburgh-pa/n009cwq/
"2 br, 1 bath House - 45 High St",,,"45 High St, Etna, PA 15223",False,,,https://www.apartments.com/2-br-1-bath-house-45-high-st-etna-pa/b10m0w9/
308 W Swissvale Ave Unit 1,,,"308 W Swissvale Ave, Pittsburgh, PA 15218",False,,,https://www.apartments.com/308-w-swissvale-ave-pittsburgh-pa-unit-1/3eng82e/
"3 br, 1 bath House - 1432 Evergreen Avenue",,,"1432 Evergreen Ave, Pittsburgh, PA 15209",False,,,https://www.apartments.com/3-br-1-bath-house-1432-evergreen-avenue-pittsburgh-pa/3369xng/
"3 br, 2 bath House - 626 Hampton Ave",,,"626 Hampton St, Pittsburgh, PA 15221",False,,,https://www.apartments.com/3-br-2-bath-house-626-hampton-ave-pittsburgh-pa/471f4kk/
1907 Hanover St,,,"1907 Hanover St, Swissvale, PA 15218",False,,,https://www.apartments.com/1907-hanover-st-swissvale-pa/wdwsh6k/
515 Hill Ave,,,"515 Hill Ave, Pittsburgh, PA 15221",False,,,https://www.apartments.com/515-hill-ave-pittsburgh-pa/vz201ff/
"2 br, 1 bath House - 1646 S Braddock Avenue",,,"1646 S Braddock Ave, Swissvale, PA 15218",False,,,https://www.apartments.com/2-br-1-bath-house-1646-s-braddock-avenue-swissvale-pa/w711yhj/
602 Mulberry St Unit 3,,,"602 Mulberry St, Pittsburgh, PA 15221",False,,,https://www.apartments.com/602-mulberry-st-pittsburgh-pa-unit-3/4ln3zxh/
1173 Shadycrest Dr,,,"1173 Shadycrest Dr, Pittsburgh, PA 15216",False,,,https://www.apartments.com/1173-shadycrest-dr-pittsburgh-pa/kzpv0cc/
1650 Ballinger St,,,"1650 Ballinger St, Pittsburgh, PA 15210",False,,,https://www.apartments.com/1650-ballinger-st-pittsburgh-pa/8gc83q2/
1575 Evelyn Rd,,,"1575 Evelyn Rd, Brentwood, PA 15227",False,,,https://www.apartments.com/1575-evelyn-rd-brentwood-pa/pkwz8fr/
1567 Cathell Rd,,,"1567 Cathell Rd, Pittsburgh, PA 15236",False,,,https://www.apartments.com/1567-cathell-rd-pittsburgh-pa/140cz96/
"1 br, 1 bath - 1704 Main St August 15th",,,"1704 Main St, Pittsburgh, PA 15215",False,,,https://www.apartments.com/1-br-1-bath-1704-main-st-august-15th-pittsburgh-pa/7gnxkrz/
,,,,,,,
,,,,,,,
,,,,,,,
Tudor Court,,,"131 Edgewood Ave, Pittsburgh, PA 15218",False,1932,,https://www.apartments.com/tudor-court-pittsburgh-pa/fqde14v/
7348 Denniston Ave,,,"7348 Denniston Ave, Pittsburgh, PA 15218",False,1932,,https://www.apartments.com/7348-denniston-ave-pittsburgh-pa/q6ljq2y/
Townley Manor,,,"101 Lloyd Ave, Pittsburgh, PA 15218",False,1990,14,https://www.apartments.com/townley-manor-pittsburgh-pa/xb9wrtn/
"3 br, 1.5 bath House - 1804 Middle St",,,"1804 Middle St, Pittsburgh, PA 15215",False,1990,14,https://www.apartments.com/3-br-15-bath-house-1804-middle-st-pittsburgh-pa/by2s0kc/
1307 Beechview Ave,,,"1307 Beechview Ave, Pittsburgh, PA 15216",False,1990,14,https://www.apartments.com/1307-beechview-ave-pittsburgh-pa/hbszsl0/
"3 br, 1.5 bath House - 114 Santron Ave",,,"114 Santron Ave, Pittsburgh, PA 15210",False,1990,14,https://www.apartments.com/3-br-15-bath-house-114-santron-ave-pittsburgh-pa/1b9tbf7/
7813 Sailor Pl,,,"7813 Sailor Pl, Pittsburgh, PA 15218",False,1990,14,https://www.apartments.com/7813-sailor-pl-pittsburgh-pa/mtrpqkk/
"2 br, 1 bath Apartment - 120 Lloyd Avenue",,,"120 Lloyd Ave, Pittsburgh, PA 15218",False,1990,14,https://www.apartments.com/2-br-1-bath-apartment-120-lloyd-avenue-pittsburgh-pa/m91pk4k/
Sailor Place Apartments,,,"7811-7816 Sailor Pl, Pittsburgh, PA 15218",False,1920,,https://www.apartments.com/sailor-place-apartments-pittsburgh-pa/lrsjzdg/
1500 Fallowfield Ave Unit Apt 2D,,,"1500 Fallowfield Ave, Pittsburgh, PA 15216",False,1920,,https://www.apartments.com/1500-fallowfield-ave-pittsburgh-pa-unit-apt-2d/g3b6tdz/
"2 br, 1 bath House - 320 E 17th Ave",,,"320 E 17th Ave, Homestead, PA 15120",False,1920,,https://www.apartments.com/2-br-1-bath-house-320-e-17th-ave-homestead-pa/m9gpvkj/
"1 br, 1 bath Apartment - 145 LaCrosse Street",,,"145 Lacrosse St, Pittsburgh, PA 15218",False,1920,,https://www.apartments.com/1-br-1-bath-apartment-145-lacrosse-street-pittsburgh-pa/p5sj1zr/
90 Vilsack St,,,"90 Vilsack St, Pittsburgh, PA 15223",False,1920,,https://www.apartments.com/90-vilsack-st-pittsburgh-pa/4cp52th/
"2 br, 1 bath Townhome - 225 E 19th Ave",,,"225 E 19th Ave, Munhall, PA 15120",False,1920,,https://www.apartments.com/2-br-1-bath-townhome-225-e-19th-ave-munhall-pa/n5w633m/
1624 Bellaire Pl,,,"1624 Bellaire Pl, Pittsburgh, PA 15226",False,1920,,https://www.apartments.com/1624-bellaire-pl-pittsburgh-pa/cymf93d/
"3 br, 2 bath House - 1919 Fair acres ave",,,"1919 Fairacres Ave, Pittsburgh, PA 15216",False,1920,,https://www.apartments.com/3-br-2-bath-house-1919-fair-acres-ave-pittsburgh-pa/s2ldvp6/
Two bedroom duplex in Swissvale,,,"2200 Milligan Ave, Pittsburgh, PA 15218",False,1920,,https://www.apartments.com/two-bedroom-duplex-in-swissvale-pittsburgh-pa-unit-2/7f348xy/
1137 South Ave,,,"1137 South Ave, Pittsburgh, PA 15221",False,1920,,https://www.apartments.com/1137-south-ave-pittsburgh-pa/bp4kbhb/
"2 br, 1.5 bath House - 1022 Etna Avenue",,,"1022 Etna Ave, Pittsburgh, PA 15215",False,1920,,https://www.apartments.com/2-br-15-bath-house-1022-etna-avenue-pittsburgh-pa/vdd134g/
209 Western Ave Unit 5,,,"209 Western Ave, Pittsburgh, PA 15215",False,1920,,https://www.apartments.com/209-western-ave-pittsburgh-pa-unit-5/fknznsv/
Wonderful 4 Bedroom 2 Bath Home,,,"3016 Grayson Ave, Pittsburgh, PA 15227",False,1920,,https://www.apartments.com/wonderful-4-bedroom-2-bath-home-pittsburgh-pa/3f6d9je/
1656 Broadway Ave,,,"1656 Broadway Ave, Pittsburgh, PA 15216",False,1920,,https://www.apartments.com/1656-broadway-ave-pittsburgh-pa/yzmklzr/
,,,,,,,
,,,,,,,
,,,,,,,
,,,,,,,
,,,,,,,
,,,,,,,
,,,,,,,
,,,,,,,
,,,,,,,
,,,,,,,
,,,,,,,
,,,,,,,
,,,,,,,
Columbia Ridge Apartments,,,"2522-2532 Columbia Ave, Swissvale, PA 15218",False,1948,,https://www.apartments.com/columbia-ridge-apartments-swissvale-pa/wrj9x7j/
1515 Penn Ave Unit 206,,,"1515 Penn Ave, Pittsburgh, PA 15221",False,1948,,https://www.apartments.com/1515-penn-ave-pittsburgh-pa-unit-206/yzqwx0s/
"2 br, 1 bath House - 2510 Plainview",,,"2510 Plainview Ave, Pittsburgh, PA 15226",False,1948,,https://www.apartments.com/2-br-1-bath-house-2510-plainview-pittsburgh-pa/ysmbc8r/
7971 Dollman Rd,,,"7971 Dollman Rd, Pittsburgh, PA 15235",False,1948,,https://www.apartments.com/7971-dollman-rd-pittsburgh-pa/s942p14/
"3 br, 1.5 bath House - 102 Woodlawn Dr",,,"102 Woodlawn Dr, Homestead, PA 15120",False,1948,,https://www.apartments.com/3-br-15-bath-house-102-woodlawn-dr-homestead-pa/8jege00/
1410 Creedmoor Ave,,,"1410 Creedmoor Ave, Pittsburgh, PA 15226",False,1948,,https://www.apartments.com/1410-creedmoor-ave-pittsburgh-pa/6sgbn5t/
"3 br, 1 bath Apartment - 1623 Rankin Avenue 1",,,"1623 Rankin Ave, Pittsburgh, PA 15212",False,1948,,https://www.apartments.com/3-br-1-bath-apartment-1623-rankin-avenue-1-pittsburgh-pa/fdp3vvt/
"1 br, 1 bath Apartment - 162 VICTORIA DRIVE",,,"162 Victoria Dr, Brentwood, PA 15227",False,1948,,https://www.apartments.com/1-br-1-bath-apartment-162-victoria-drive-brentwood-pa/1nc3pq7/
William Penn Heights,,,"1815 Penn Ave, Pittsburgh, PA 15221",False,,10,https://www.apartments.com/william-penn-heights-pittsburgh-pa/c70znvg/
1266 Benton Ave,,,"1266 Benton Ave, Pittsburgh, PA 15212",False,,10,https://www.apartments.com/1266-benton-ave-pittsburgh-pa/g0n6p4y/
"4 br, 1.5 bath House - 908 Reiss St",,,"908 Reiss St, Pittsburgh, PA 15212",False,,10,https://www.apartments.com/4-br-15-bath-house-908-reiss-st-pittsburgh-pa/cx66weg/
"2 br, 1 bath House - 1956 Creedmoor Pl",,,"1956 Creedmoor Pl, Pittsburgh, PA 15226",False,,10,https://www.apartments.com/2-br-1-bath-house-1956-creedmoor-pl-pittsburgh-pa/kdjjnnb/
